{
  "name": "Derivatives Data",
  "date": "2021-05-24T00:00:00Z",
  "data": [
{
  "id": "swap_1",
  "date": "2021-05-24T00:00:00Z",
  "asset_class": "ir",
  "currency_code": "GBP",
  "end_date": "2023-05-24T00:00:00Z",
  "mtm_dirty": -6500,
  "notional_amount": 50000,
  "payment_type": "fixed",
  "receive_type": "floating",
  "start_date": "2021-05-14T00:00:00Z",
  "type": "vanilla_swap",
  "trade_date": "2021-05-14T00:00:00Z",
  "value_date": "2021-01-20T00:00:00Z"
},
  {

    "id": "swap_2",
    "date": "2021-05-24T00:00:00Z",
    "asset_class": "ir",
    "currency_code": "EUR",
    "end_date": "2023-05-24T00:00:00Z",
    "mtm_dirty": 6400,
    "notional_amount": 50500,
    "payment_type": "floating",
    "receive_type": "floating",
    "start_date": "2021-05-14T00:00:00Z",
    "type": "vanilla_swap",
    "trade_date": "2021-05-14T00:00:00Z",
    "value_date": "2021-01-20T00:00:00Z"
 }
]
}